{"cameraMode":{"drawMode":0,"name":"Shaded","section":"Shading Mode"},"sceneLighting":false,"audioPlay":false,"sceneViewState":{"showFog":true,"showMaterialUpdate":false,"showSkybox":false,"showFlares":true,"showImageEffects":true,"showParticleSystems":true},"in2DMode":false,"pivot":{"x":5.699999809265137,"y":1.1735353469848633,"z":2.499999761581421},"rotation":{"x":0.22533339262008668,"y":0.6437289714813232,"z":-0.20678123831748963,"w":0.7014837265014648},"size":5.173412322998047,"orthographic":false}