{"cameraMode":{"drawMode":0,"name":"Shaded","section":"Shading Mode"},"sceneLighting":true,"audioPlay":false,"sceneViewState":{"showFog":true,"showMaterialUpdate":false,"showSkybox":true,"showFlares":true,"showImageEffects":true,"showParticleSystems":true},"in2DMode":false,"pivot":{"x":480.4979553222656,"y":417.8041687011719,"z":107.84716796875},"rotation":{"x":0.09913541376590729,"y":-0.015518568456172943,"z":0.001546635408885777,"w":0.9949517250061035},"size":1371.6507568359375,"orthographic":false}