{"cameraMode":{"drawMode":0,"name":"Shaded","section":"Shading Mode"},"sceneLighting":false,"audioPlay":false,"sceneViewState":{"showFog":true,"showMaterialUpdate":false,"showSkybox":false,"showFlares":true,"showImageEffects":true,"showParticleSystems":true},"in2DMode":false,"pivot":{"x":9.145373344421387,"y":0.28533637523651125,"z":-4.026912689208984},"rotation":{"x":0.06492119282484055,"y":0.5562319755554199,"z":-0.04364755004644394,"w":0.827336847782135},"size":2.857893705368042,"orthographic":false}