{"cameraMode":{"drawMode":0,"name":"Shaded","section":"Shading Mode"},"sceneLighting":false,"audioPlay":false,"sceneViewState":{"showFog":true,"showMaterialUpdate":false,"showSkybox":false,"showFlares":true,"showImageEffects":true,"showParticleSystems":true},"in2DMode":false,"pivot":{"x":0.07023732364177704,"y":2.976701259613037,"z":0.855427622795105},"rotation":{"x":-0.1332354098558426,"y":0.05142771825194359,"z":-0.006923173554241657,"w":-0.9897249937057495},"size":2.1525368690490724,"orthographic":false}