{"cameraMode":{"drawMode":0,"name":"Shaded","section":"Shading Mode"},"sceneLighting":false,"audioPlay":false,"sceneViewState":{"showFog":true,"showMaterialUpdate":false,"showSkybox":false,"showFlares":true,"showImageEffects":true,"showParticleSystems":true},"in2DMode":false,"pivot":{"x":-1.0823240280151368,"y":2.226922035217285,"z":5.947649955749512},"rotation":{"x":-0.0709642618894577,"y":0.6949144005775452,"z":-0.06923958659172058,"w":-0.7122246623039246},"size":15.812708854675293,"orthographic":false}